SOS_WORK_DISPATCHER,215940.924000,15818
DISPATCHER_QUEUE_SEMAPHORE,12022.381000,144
LOGMGR_QUEUE,6556.430000,47268
HADR_FILESTREAM_IOMGR_IOCOMPLETION,3278.148000,6443
DIRTY_PAGE_POLL,3278.140000,29675
LAZYWRITER_SLEEP,3275.657000,3279
XE_TIMER_EVENT,3274.977000,893
REQUEST_FOR_DEADLOCK_SEARCH,3274.839000,655
SQLTRACE_INCREMENTAL_FLUSH_SLEEP,3274.671000,818
QDS_PERSIST_TASK_MAIN_LOOP_SLEEP,3240.517000,55
XE_DISPATCHER_WAIT,3239.842000,55
SP_SERVER_DIAGNOSTICS_SLEEP,3000.032000,536
CHECKPOINT_QUEUE,2880.472000,26
QDS_ASYNC_QUEUE,2023.972000,8
AZURE_IMDS_VERSIONS,21.057000,1
ASYNC_NETWORK_IO,1.459000,3408
LCK_M_S,1.104000,9
SOS_SCHEDULER_YIELD,1.096000,5867
PWAIT_ALL_COMPONENTS_INITIALIZED,0.924000,3
MEMORY_ALLOCATION_EXT,0.854000,170500
PAGEIOLATCH_SH,0.807000,3269
PREEMPTIVE_OS_QUERYREGISTRY,0.650000,2202
PREEMPTIVE_OS_FILEOPS,0.437000,386
PREEMPTIVE_XE_GETTARGETSTATE,0.422000,112
WRITELOG,0.282000,237
CHKPT,0.215000,1
ASYNC_IO_COMPLETION,0.187000,3
PREEMPTIVE_OS_CRYPTOPS,0.157000,11
PREEMPTIVE_OS_WRITEFILE,0.147000,17
WAIT_ON_SYNC_STATISTICS_REFRESH,0.140000,36
XE_BUFFERMGR_ALLPROCESSED_EVENT,0.125000,16
PREEMPTIVE_OS_AUTHENTICATIONOPS,0.119000,177
PREEMPTIVE_OS_LOADLIBRARY,0.088000,3
PREEMPTIVE_OS_CREATEFILE,0.083000,96
PREEMPTIVE_OS_VERIFYTRUST,0.073000,4
MSQL_XP,0.069000,37
IO_COMPLETION,0.062000,199
WAIT_XTP_HOST_WAIT,0.060000,3
STARTUP_DEPENDENCY_MANAGER,0.050000,1
CLR_AUTO_EVENT,0.047000,22
THREADPOOL,0.042000,25
PAGELATCH_EX,0.037000,24
PAGELATCH_SH,0.037000,28
PREEMPTIVE_OS_WRITEFILEGATHER,0.021000,10
PREEMPTIVE_FILESIZEGET,0.019000,43
PREEMPTIVE_OS_GETFILEATTRIBUTES,0.018000,73
PAGEIOLATCH_EX,0.016000,101
SECURITY_CNG_PROVIDER_MUTEX,0.016000,20
RESERVED_MEMORY_ALLOCATION_EXT,0.010000,3192
PREEMPTIVE_OS_REPORTEVENT,0.010000,40
WRITE_COMPLETION,0.009000,160
PREEMPTIVE_OS_DELETESECURITYCONTEXT,0.008000,21
PREEMPTIVE_OS_AUTHORIZATIONOPS,0.007000,102
PREEMPTIVE_OS_GENERICOPS,0.007000,37
PREEMPTIVE_XE_CALLBACKEXECUTE,0.007000,1472
PREEMPTIVE_OS_CRYPTACQUIRECONTEXT,0.006000,21
PREEMPTIVE_OS_FLUSHFILEBUFFERS,0.006000,8
CMEMTHREAD,0.005000,8
PREEMPTIVE_XE_SESSIONCOMMIT,0.004000,17
PREEMPTIVE_OS_CLOSEHANDLE,0.003000,15
PREEMPTIVE_SERVICE_CONTROL_MANGER,0.003000,4
HADR_CLUSAPI_CALL,0.002000,25
PREEMPTIVE_XE_TARGETINIT,0.002000,7
LCK_M_SCH_M,0.001000,6
LATCH_SH,0.001000,3
DAC_INIT,0.001000,1
PREEMPTIVE_OS_LOOKUPACCOUNTSID,0.001000,3
PREEMPTIVE_OS_REVERTTOSELF,0.001000,38
PREEMPTIVE_OS_SETNAMEDSECURITYINFO,0.000000,0
PREEMPTIVE_OS_CLUSTEROPS,0.000000,0
PREEMPTIVE_CLUSAPI_CLUSTERRESOURCECONTROL,0.000000,0
PREEMPTIVE_OS_COMOPS,0.000000,0
PREEMPTIVE_COM_COCREATEINSTANCE,0.000000,0
PREEMPTIVE_COM_COGETCLASSOBJECT,0.000000,0
PREEMPTIVE_COM_CREATEACCESSOR,0.000000,0
PREEMPTIVE_COM_DELETEROWS,0.000000,0
PREEMPTIVE_COM_GETCOMMANDTEXT,0.000000,0
PREEMPTIVE_COM_GETDATA,0.000000,0
PREEMPTIVE_COM_GETNEXTROWS,0.000000,0
PREEMPTIVE_COM_GETRESULT,0.000000,0
PREEMPTIVE_COM_GETROWSBYBOOKMARK,0.000000,0
PREEMPTIVE_COM_LBFLUSH,0.000000,0
PREEMPTIVE_COM_LBLOCKREGION,0.000000,0
PREEMPTIVE_COM_LBREADAT,0.000000,0
PREEMPTIVE_COM_LBSETSIZE,0.000000,0
PREEMPTIVE_COM_LBSTAT,0.000000,0
PREEMPTIVE_COM_LBUNLOCKREGION,0.000000,0
PREEMPTIVE_COM_LBWRITEAT,0.000000,0
PREEMPTIVE_COM_QUERYINTERFACE,0.000000,0
PREEMPTIVE_COM_RELEASE,0.000000,0
PREEMPTIVE_COM_RELEASEACCESSOR,0.000000,0
PREEMPTIVE_COM_RELEASEROWS,0.000000,0
PREEMPTIVE_COM_RELEASESESSION,0.000000,0
PREEMPTIVE_COM_RESTARTPOSITION,0.000000,0
PREEMPTIVE_COM_SEQSTRMREAD,0.000000,0
PREEMPTIVE_COM_SEQSTRMREADANDWRITE,0.000000,0
PREEMPTIVE_COM_SETDATAFAILURE,0.000000,0
PREEMPTIVE_COM_SETPARAMETERINFO,0.000000,0
PREEMPTIVE_COM_SETPARAMETERPROPERTIES,0.000000,0
PREEMPTIVE_COM_STRMLOCKREGION,0.000000,0
PREEMPTIVE_COM_STRMSEEKANDREAD,0.000000,0
PREEMPTIVE_COM_STRMSEEKANDWRITE,0.000000,0
PREEMPTIVE_COM_STRMSETSIZE,0.000000,0
PREEMPTIVE_COM_STRMSTAT,0.000000,0
PREEMPTIVE_COM_STRMUNLOCKREGION,0.000000,0
PREEMPTIVE_OS_CRYPTIMPORTKEY,0.000000,0
PREEMPTIVE_OS_DEVICEOPS,0.000000,0
PREEMPTIVE_OS_RSFXDEVICEOPS,0.000000,0
PREEMPTIVE_OS_DIRSVC_NETWORKOPS,0.000000,0
PREEMPTIVE_OS_DSGETDCNAME,0.000000,0
PREEMPTIVE_OS_NETGROUPGETUSERS,0.000000,0
PREEMPTIVE_OS_NETLOCALGROUPGETMEMBERS,0.000000,0
PREEMPTIVE_OS_NETUSERGETGROUPS,0.000000,0
PREEMPTIVE_OS_NETUSERGETLOCALGROUPS,0.000000,0
PREEMPTIVE_OS_NETUSERMODALSGET,0.000000,0
PREEMPTIVE_OS_NETVALIDATEPASSWORDPOLICY,0.000000,0
PREEMPTIVE_OS_NETVALIDATEPASSWORDPOLICYFREE,0.000000,0
PREEMPTIVE_OS_DOMAINSERVICESOPS,0.000000,1
PREEMPTIVE_OS_DTCOPS,0.000000,0
PREEMPTIVE_DTC_ABORT,0.000000,0
PREEMPTIVE_DTC_ABORTREQUESTDONE,0.000000,0
PREEMPTIVE_DTC_BEGINTRANSACTION,0.000000,0
PREEMPTIVE_DTC_COMMITREQUESTDONE,0.000000,0
PREEMPTIVE_DTC_ENLIST,0.000000,0
PREEMPTIVE_DTC_PREPAREREQUESTDONE,0.000000,0
PREEMPTIVE_DTC_DNSRESOLUTION,0.000000,0
PREEMPTIVE_DTC_RPCNETWORKTEST,0.000000,0
PREEMPTIVE_DTC_COMTRANSACTIONTEST,0.000000,0
ASYNC_SSL_RENEGOTIATION_IO,0.000000,0
PREFAULT_IO_COMPLETION,0.000000,0
PREEMPTIVE_OS_ACCEPTSECURITYCONTEXT,0.000000,0
PREEMPTIVE_OS_ACQUIRECREDENTIALSHANDLE,0.000000,0
PREEMPTIVE_OS_COMPLETEAUTHTOKEN,0.000000,0
PREEMPTIVE_OS_DECRYPTMESSAGE,0.000000,0
MSQL_DQ,0.000000,0
LOGBUFFER,0.000000,2
TRANSACTION_MUTEX,0.000000,0
MSSEARCH,0.000000,0
XACTWORKSPACE_MUTEX,0.000000,0
TRACEWRITE,0.000000,0
WAITSTAT_MUTEX,0.000000,0
WAITFOR_TASKSHUTDOWN,0.000000,0
GUARDIAN,0.000000,0
CLR_TASK_START,0.000000,0
CLR_JOIN,0.000000,0
CLR_CRST,0.000000,0
CLR_SEMAPHORE,0.000000,0
CLR_MANUAL_EVENT,0.000000,1
PREEMPTIVE_OS_COPYFILE,0.000000,0
PREEMPTIVE_OS_CREATEDIRECTORY,0.000000,0
PREEMPTIVE_OS_AUTHZGETINFORMATIONFROMCONTEXT,0.000000,0
PREEMPTIVE_OS_AUTHZINITIALIZECONTEXTFROMSID,0.000000,0
PREEMPTIVE_OS_AUTHZINITIALIZERESOURCEMANAGER,0.000000,0
PREEMPTIVE_OS_ENCRYPTMESSAGE,0.000000,0
PREEMPTIVE_OS_FREECREDENTIALSHANDLE,0.000000,0
PREEMPTIVE_OS_INITIALIZESECURITYCONTEXT,0.000000,0
PREEMPTIVE_OS_LOGONUSER,0.000000,0
PREEMPTIVE_OS_QUERYSECURITYCONTEXTTOKEN,0.000000,0
PREEMPTIVE_OS_QUERYCONTEXTATTRIBUTES,0.000000,25
PREEMPTIVE_OS_VERIFYSIGNATURE,0.000000,0
PREEMPTIVE_OS_GETCOMPRESSEDFILESIZE,0.000000,0
PREEMPTIVE_OS_GETDISKFREESPACE,0.000000,2
PREEMPTIVE_OS_DELETEFILE,0.000000,0
PREEMPTIVE_OS_DEVICEIOCONTROL,0.000000,0
PREEMPTIVE_OS_FINDFILE,0.000000,2
PREEMPTIVE_OS_GETFILESIZE,0.000000,0
PREEMPTIVE_OS_GETLONGPATHNAME,0.000000,0
PREEMPTIVE_OS_GETVOLUMEPATHNAME,0.000000,0
PREEMPTIVE_OS_GETVOLUMENAMEFORVOLUMEMOUNTPOINT,0.000000,2
PREEMPTIVE_OS_MOVEFILE,0.000000,0
PREEMPTIVE_OS_OPENDIRECTORY,0.000000,0
PREEMPTIVE_OS_REMOVEDIRECTORY,0.000000,0
PREEMPTIVE_OS_SETENDOFFILE,0.000000,0
PREEMPTIVE_OS_SETFILEPOINTER,0.000000,0
PREEMPTIVE_OS_SETFILEVALIDDATA,0.000000,1
PREEMPTIVE_CLOSEBACKUPMEDIA,0.000000,0
PREEMPTIVE_CLOSEBACKUPTAPE,0.000000,0
PREEMPTIVE_CLOSEBACKUPVDIDEVICE,0.000000,0
PREEMPTIVE_OS_VSSOPS,0.000000,0
PREEMPTIVE_VSS_CREATESNAPSHOT,0.000000,0
PREEMPTIVE_VSS_CREATEVOLUMESNAPSHOT,0.000000,0
PREEMPTIVE_DFSADDLINK,0.000000,0
PREEMPTIVE_DFSLINKEXISTCHECK,0.000000,0
PREEMPTIVE_DFSLINKHEALTHCHECK,0.000000,0
PREEMPTIVE_DFSREMOVELINK,0.000000,0
PREEMPTIVE_DFSREMOVEROOT,0.000000,0
PREEMPTIVE_DFSROOTFOLDERCHECK,0.000000,0
PREEMPTIVE_DFSROOTINIT,0.000000,0
PREEMPTIVE_DFSROOTSHARECHECK,0.000000,0
PREEMPTIVE_OLE_UNINIT,0.000000,0
PREEMPTIVE_FSAOLEDB_ABORTTRANSACTION,0.000000,0
PREEMPTIVE_FSAOLEDB_COMMITTRANSACTION,0.000000,0
PREEMPTIVE_FSAOLEDB_STARTTRANSACTION,0.000000,0
PREEMPTIVE_FSRECOVER_UNCONDITIONALUNDO,0.000000,0
PREEMPTIVE_SERVER_STARTUP,0.000000,0
PREEMPTIVE_SHAREDMEM_GETDATA,0.000000,0
PREEMPTIVE_CONSOLEWRITE,0.000000,0
PREEMPTIVE_TESTING,0.000000,0
PREEMPTIVE_XETESTING,0.000000,0
PREEMPTIVE_SB_STOPENDPOINT,0.000000,1
PREEMPTIVE_STARTRM,0.000000,0
PREEMPTIVE_GETRMINFO,0.000000,0
PREEMPTIVE_SETRMINFO,0.000000,0
PREEMPTIVE_ROLLFORWARDREDO,0.000000,0
PREEMPTIVE_ROLLFORWARDUNDO,0.000000,0
PREEMPTIVE_RESIZELOG,0.000000,0
PREEMPTIVE_REENLIST,0.000000,0
PREEMPTIVE_TRANSIMPORT,0.000000,0
PREEMPTIVE_UNMARSHALPROPAGATIONTOKEN,0.000000,0
PREEMPTIVE_CREATEPARAM,0.000000,0
PREEMPTIVE_STREAMFCB_RECOVER,0.000000,0
PREEMPTIVE_STREAMFCB_CHECKPOINT,0.000000,0
PREEMPTIVE_SNIOPEN,0.000000,0
PREEMPTIVE_DEBUG,0.000000,0
PREEMPTIVE_MSS_RELEASE,0.000000,0
PREEMPTIVE_LOCKMONITOR,0.000000,1
CLEAR_DB,0.000000,0
PREEMPTIVE_ABR,0.000000,0
LOGGENERATION,0.000000,0
IO_RETRY,0.000000,0
AUDIT_XE_SESSION_MGR,0.000000,0
PWAIT_AUDIT_CLOSE_EXPIRED_LOGS_MGR_RWLOCK,0.000000,0
AUDIT_ON_DEMAND_TARGET_LOCK,0.000000,0
PWAIT_AUDIT_SESSIONS_LOCK,0.000000,0
PWAIT_AUDIT_SESSIONS_WAIT_TO_EXEC_LOCK,0.000000,0
PWAIT_AUDIT_SESSIONS_WAIT_TO_REFRESH_LOCK,0.000000,0
PWAIT_AUTO_START_AUDIT_SESSIONS,0.000000,0
PREEMPTIVE_AUDIT_ACCESS_WINDOWSLOG,0.000000,0
PREEMPTIVE_AUDIT_XE_FILE,0.000000,0
AUDIT_LOGINCACHE_LOCK,0.000000,0
AUDIT_GROUPCACHE_LOCK,0.000000,0
FT_METADATA_MUTEX,0.000000,0
FT_IFTSHC_MUTEX,0.000000,0
FT_IFTSISM_MUTEX,0.000000,0
FT_IFTS_RWLOCK,0.000000,0
FT_COMPROWSET_RWLOCK,0.000000,0
FT_MASTER_MERGE,0.000000,0
TRACE_EVTNOTIF,0.000000,0
MD_LAZYCACHE_RWLOCK,0.000000,0
MD_AGENT_YIELD,0.000000,0
IOAFF_RANGE_QUEUE,0.000000,0
FT_IFTS_SCHEDULER_IDLE_WAIT,0.000000,0
REPL_HISTORYCACHE_ACCESS,0.000000,0
REPL_TRANHASHTABLE_ACCESS,0.000000,0
REPL_TRANTEXTINFO_ACCESS,0.000000,0
REPL_TRANFSINFO_ACCESS,0.000000,0
SERVER_RECONFIGURE,0.000000,0
CHANGE_TRACKING_WAITFORCHANGES,0.000000,0
PWAIT_MD_RELATION_CACHE,0.000000,0
PWAIT_MD_SERVER_CACHE,0.000000,0
PWAIT_MD_LOGIN_STATS,0.000000,0
FT_PROPERTYLIST_CACHE,0.000000,0
PERFORMANCE_COUNTERS_RWLOCK,0.000000,0
XIO_CREDENTIAL_RWLOCK,0.000000,0
XIO_CREDENTIAL_MGR_RWLOCK,0.000000,0
XIO_EDS_RWLOCK,0.000000,0
XIO_EDS_MGR_RWLOCK,0.000000,0
XIO_LEASE_RENEW_MGR_RWLOCK,0.000000,0
PWAIT_XIO_REQUEST_IN_PROGRESS_LOCK,0.000000,0
XIO_IOSTATS_BLOBLIST_RWLOCK,0.000000,0
XIO_IOSTATS_FCBLIST_RWLOCK,0.000000,0
SECURITY_KEYRING_RWLOCK,0.000000,0
SECURITY_DEK_RWLOCK,0.000000,0
SQLTRACE_FILE_WRITE_IO_COMPLETION,0.000000,0
SQLTRACE_FILE_READ_IO_COMPLETION,0.000000,0
SQLTRACE_PENDING_BUFFER_WRITERS,0.000000,0
PREEMPTIVE_OS_PDH_WMI_INIT,0.000000,0
UCS_MANAGER,0.000000,0
UCS_TRANSPORT,0.000000,0
UCS_MEMORY_NOTIFICATION,0.000000,0
UCS_ENDPOINT_CHANGE,0.000000,0
UCS_TRANSPORT_STREAM_CHANGE,0.000000,0
QUERY_TASK_ENQUEUE_MUTEX,0.000000,0
SP_PREEMPTIVE_SERVER_DIAGNOSTICS_SLEEP,0.000000,0
SP_SERVER_DIAGNOSTICS_INIT_MUTEX,0.000000,0
DBCC_SCALE_OUT_EXPR_CACHE,0.000000,0
GDMA_GET_RESOURCE_OWNER,0.000000,0
PREEMPTIVE_OS_BACKUPREAD,0.000000,0
PREEMPTIVE_OS_WAITFORSINGLEOBJECT,0.000000,0
XE_LIVE_TARGET_TVF,0.000000,0
PREEMPTIVE_SP_SERVER_DIAGNOSTICS,0.000000,1
PREEMPTIVE_OS_LIBRARYOPS,0.000000,1
PREEMPTIVE_OS_FREELIBRARY,0.000000,0
PREEMPTIVE_OS_GETPROCADDRESS,0.000000,37
XDES_HISTORY,0.000000,0
XDES_SNAPSHOT,0.000000,0
FT_MASTER_MERGE_COORDINATOR,0.000000,0
PWAIT_RESOURCE_SEMAPHORE_FT_PARALLEL_QUERY_SYNC,0.000000,0
REDO_THREAD_PENDING_WORK,0.000000,0
REDO_THREAD_SYNC,0.000000,0
COUNTRECOVERYMGR,0.000000,0
HADR_DB_COMMAND,0.000000,0
HADR_TRANSPORT_SESSION,0.000000,0
PREEMPTIVE_OS_MESSAGEQUEUEOPS,0.000000,0
PREEMPTIVE_ODBCOPS,0.000000,0
PREEMPTIVE_HTTP_REQUEST,0.000000,0
PREEMPTIVE_HTTP_EVENT_WAIT,0.000000,0
PREEMPTIVE_OLEDBOPS,0.000000,0
PREEMPTIVE_OLEDB_ABORTTRAN,0.000000,0
PREEMPTIVE_OLEDB_ABORTORCOMMITTRAN,0.000000,0
PREEMPTIVE_OLEDB_GETDATASOURCE,0.000000,0
PREEMPTIVE_OLEDB_GETLITERALINFO,0.000000,0
PREEMPTIVE_OLEDB_GETPROPERTIES,0.000000,0
PREEMPTIVE_OLEDB_GETPROPERTYINFO,0.000000,0
PREEMPTIVE_OLEDB_GETSCHEMALOCK,0.000000,0
PREEMPTIVE_OLEDB_JOINTRANSACTION,0.000000,0
PREEMPTIVE_OLEDB_RELEASE,0.000000,0
PREEMPTIVE_OLEDB_SETPROPERTIES,0.000000,0
PREEMPTIVE_OS_PIPEOPS,0.000000,0
PREEMPTIVE_OS_DISCONNECTNAMEDPIPE,0.000000,21
PREEMPTIVE_OS_PROCESSOPS,0.000000,0
PREEMPTIVE_OS_SECURITYOPS,0.000000,0
PREEMPTIVE_OS_SERVICEOPS,0.000000,0
PREEMPTIVE_OS_SQLCLROPS,0.000000,1
PREEMPTIVE_OS_WINSOCKOPS,0.000000,0
PREEMPTIVE_OS_GETADDRINFO,0.000000,0
PREEMPTIVE_OS_WSASETLASTERROR,0.000000,0
PREEMPTIVE_OS_FORMATMESSAGE,0.000000,0
HTTP_STORAGE_CONNECTION,0.000000,0
SECURITY_CRYPTO_CONTEXT_MUTEX,0.000000,0
SECURITY_RULETABLE_MUTEX,0.000000,0
SEMPLAT_DSI_BUILD,0.000000,0
FILESTREAM_CHUNKER_INIT,0.000000,0
FILESTREAM_CHUNKER,0.000000,0
FFT_RSFX_COMM,0.000000,0
FFT_RSFX_WAIT_FOR_MEMORY,0.000000,0
FFT_STARTUP_SHUTDOWN,0.000000,0
FFT_RECOVERY,0.000000,0
FFT_NSO_FCB,0.000000,0
FFT_NSO_FCB_PARENT,0.000000,0
FFT_NSO_FCB_FIND,0.000000,0
FFT_NSO_FCB_RELEASE_CACHED_ENTRIES,0.000000,0
FFT_NSO_FILEOBJECT,0.000000,0
FFT_NSO_DB_LIST,0.000000,0
FFT_NSO_DB_KILL_FLAG,0.000000,0
FFT_NSO_TABLE_LIST,0.000000,0
FFT_STORE_DB,0.000000,0
FFT_STORE_TABLE,0.000000,0
FFT_STORE_ROWSET_LIST,0.000000,0
FFT_NTFS_STORE,0.000000,0
HADR_FILESTREAM_FILE_REQUEST,0.000000,0
PWAIT_MD_UPGRADE_CONFIG,0.000000,0
PWAIT_COOP_SCAN,0.000000,0
QRY_PARALLEL_THREAD_MUTEX,0.000000,0
PWAIT_QRY_BPMEMORY,0.000000,0
WAITFOR_PER_QUEUE,0.000000,0
CREATE_DATINISERVICE,0.000000,0
AM_SCHEMAMGR_UNSHARED_CACHE,0.000000,0
HADR_REPLICAINFO_SYNC,0.000000,0
HADR_COMPRESSED_CACHE_SYNC,0.000000,0
HADR_AR_MANAGER_MUTEX,0.000000,0
HADR_NOTIFICATION_WORKER_TERMINATION_SYNC,0.000000,0
HADR_NOTIFICATION_DEQUEUE,0.000000,1
HADR_ARCONTROLLER_NOTIFICATIONS_SUBSCRIBER_LIST,0.000000,0
HADR_DBR_SUBSCRIBER_FILTER_LIST,0.000000,0
HADR_DBR_SUBSCRIBER,0.000000,0
HADR_NOTIFICATION_WORKER_STARTUP_SYNC,0.000000,0
HADR_NOTIFICATION_WORKER_EXCLUSIVE_ACCESS,0.000000,0
HADR_RECOVERY_WAIT_FOR_UNDO,0.000000,0
HADR_DATABASE_WAIT_FOR_RESTART,0.000000,0
HADR_DATABASE_WAIT_FOR_RECOVERY,0.000000,0
HADR_XRF_STACK_ACCESS,0.000000,0
HADR_RECOVERY_WAIT_FOR_CONNECTION,0.000000,0
HADR_TRANSPORT_FLOW_CONTROL,0.000000,0
HADR_DATABASE_FLOW_CONTROL,0.000000,0
HADR_GLOBAL_DATABASE_FLOW_CONTROL,0.000000,0
PWAIT_HADR_POST_ONLINE_COMPLETED,0.000000,0
HADR_DATABASE_WAIT_FOR_TRANSITION_TO_VERSIONING,0.000000,0
XDES_OUT_OF_ORDER_LIST,0.000000,0
HADR_BACKUP_BULK_LOCK,0.000000,0
HADR_BACKUP_QUEUE,0.000000,0
HADR_LOGCAPTURE_WAIT,0.000000,0
HADR_AR_CRITICAL_SECTION_ENTRY,0.000000,0
HADR_TDS_LISTENER_SYNC,0.000000,0
HADR_READ_ALL_NETWORKS,0.000000,0
HADR_TDS_LISTENER_SYNC_PROCESSING,0.000000,0
PWAIT_XTP_FSSTORAGE_MAINTENANCE,0.000000,0
WAIT_XTP_GUEST,0.000000,0
WAIT_XTP_TASK_SHUTDOWN,0.000000,0
XTPPROC_PARTITIONED_STACK_CREATE,0.000000,0
PREEMPTIVE_HADR_LEASE_MECHANISM,0.000000,0
HADR_TIMER_TASK,0.000000,0
PWAIT_EVENT_SESSION_INIT_MUTEX,0.000000,0
PWAIT_REPLICA_ONLINE_INIT_MUTEX,0.000000,0
HADR_GROUP_COMMIT,0.000000,0
HADR_SYNCHRONIZING_THROTTLE,0.000000,0
HADR_DATABASE_VERSIONING_STATE,0.000000,0
XTPPROC_CACHE_ACCESS,0.000000,0
SP_SERVER_DIAGNOSTICS_BUFFER_ACCESS,0.000000,0
HADR_FILESTREAM_FILE_CLOSE,0.000000,0
VERSIONING_COMMITTING,0.000000,0
FILETABLE_SHUTDOWN,0.000000,0
PRU_ROLLBACK_DEFERRED,0.000000,0
WAIT_XTP_TRAN_DEPENDENCY,0.000000,0
ASSEMBLY_LOAD,0.000000,0
VIA_ACCEPT,0.000000,0
CHECK_PRINT_RECORD,0.000000,0
SCAN_CHAR_HASH_ARRAY_INITIALIZATION,0.000000,0
FS_GARBAGE_COLLECTOR_SHUTDOWN,0.000000,0
FSAGENT,0.000000,0
FILESTREAM_WORKITEM_QUEUE,0.000000,0
FILESTREAM_FILE_OBJECT,0.000000,0
FILESTREAM_FCB,0.000000,0
FILESTREAM_CACHE,0.000000,0
ABR,0.000000,0
WCC,0.000000,0
NODE_CACHE_MUTEX,0.000000,0
SECURITY_MUTEX,0.000000,3
FS_HEADER_RWLOCK,0.000000,0
FS_LOGTRUNC_RWLOCK,0.000000,0
FS_FC_RWLOCK,0.000000,0
FSTR_CONFIG_RWLOCK,0.000000,0
FSTR_CONFIG_MUTEX,0.000000,0
FSA_FORCE_OWN_XACT,0.000000,0
COMMIT_TABLE,0.000000,0
CXROWSET_SYNC,0.000000,0
MISE_CONFIG_JSON_INIT,0.000000,0
EXCHANGE,0.000000,0
EC,0.000000,0
TEMPOBJ,0.000000,0
XACTLOCKINFO,0.000000,0
LOGMGR,0.000000,0
CXPACKET,0.000000,0
CXSYNC_CONSUMER,0.000000,0
CXSYNC_PORT,0.000000,0
CXCONSUMER,0.000000,0
HTREPARTITION,0.000000,0
HTBUILD_JOIN,0.000000,0
HTBUILD_AGG,0.000000,0
HTMEMO,0.000000,0
HTDELETE_JOIN,0.000000,0
HTDELETE_AGG,0.000000,0
HTREINIT,0.000000,0
BMPREPARTITION,0.000000,0
BMPALLOCATION,0.000000,0
BMPREPLICATION,0.000000,0
BMPBUILD,0.000000,0
SHUTDOWN,0.000000,0
WAITFOR,0.000000,0
EXECSYNC,0.000000,0
DTCPNTSYNC,0.000000,0
XE_SESSION_CREATE_SYNC,0.000000,0
PWAIT_PREEMPTIVE_XE_STUB_LISTENER,0.000000,0
XE_DISPATCHER_CONFIG_SESSION_LIST,0.000000,0
XE_STUBMGR_CLOSE,0.000000,0
SOS_WORKER_MIGRATION,0.000000,0
PREEMPTIVE_FILE_MAPPING,0.000000,0
DISPATCHER_JOIN,0.000000,0
WMI_REGISTRATION,0.000000,0
CMEMDETOUR,0.000000,0
SOS_RG_MEM_TARGET_LOCK,0.000000,0
SQLPAL_PREEMPTIVE_WAIT,0.000000,0
SPINLOCK_EXT,0.000000,0
SOS_QUERY_JOBOBJECT,0.000000,0
XE_DISPATCHER_POOL_GLOBAL_LOCK,0.000000,0
XE_SERVICES_RWLOCK_READ,0.000000,0
LOOKASIDE_LIST,0.000000,0
PWAIT_PURVIEW_AUDIT_DISPATCHER_POOL_LOCK,0.000000,0
LOCK_SAFEMODE,0.000000,0
LOCK_UPDATE,0.000000,0
RESOURCE_SEMAPHORE,0.000000,0
DTC,0.000000,0
OLEDB,0.000000,0
PLPGSQL,0.000000,0
FAILPOINT,0.000000,0
ASYNC_DISKPOOL_LOCK,0.000000,0
DEBUG,0.000000,0
REPLICA_WRITES,0.000000,0
DBMIRRORING_CMD,0.000000,0
WAIT_FOR_RESULTS,0.000000,0
SOS_CALLBACK_REMOVAL,0.000000,0
ONDEMAND_TASK_QUEUE,0.000000,1
SQLTRACE_SHUTDOWN,0.000000,0
QUERY_TRACEOUT,0.000000,0
DTC_STATE,0.000000,0
DTC_INFO_DMV,0.000000,0
DTC_XA_RM,0.000000,0
FCB_REPLICA_WRITE,0.000000,0
FCB_REPLICA_READ,0.000000,0
CLR_MONITOR,0.000000,0
CLR_RWLOCK_READER,0.000000,0
CLR_RWLOCK_WRITER,0.000000,0
SQLCLR_QUANTUM_PUNISHMENT,0.000000,0
SQLCLR_APPDOMAIN,0.000000,0
SQLCLR_ASSEMBLY,0.000000,0
KTM_ENLISTMENT,0.000000,0
KTM_RECOVERY_RESOLUTION,0.000000,0
KTM_RECOVERY_MANAGER,0.000000,0
SQLCLR_DEADLOCK_DETECTION,0.000000,0
QPJOB_WAITFOR_ABORT,0.000000,0
QPJOB_KILL,0.000000,0
BAD_PAGE_PROCESS,0.000000,0
BACKUP_OPERATOR,0.000000,0
PRINT_ROLLBACK_PROGRESS,0.000000,0
ENABLE_VERSIONING,0.000000,0
DISABLE_VERSIONING,0.000000,0
REQUEST_DISPENSER_PAUSE,0.000000,0
DROPTEMP,0.000000,0
FT_RESTART_CRAWL,0.000000,0
LOGMGR_RESERVE_APPEND,0.000000,0
LOGMGR_FLUSH,0.000000,0
XACT_OWN_TRANSACTION,0.000000,0
XACT_RECLAIM_SESSION,0.000000,0
DTC_WAITFOR_OUTCOME,0.000000,0
DTC_RESOLVE,0.000000,0
CL_RESOLVE_WAIT_FOR_UPGRADE,0.000000,0
SEC_DROP_TEMP_KEY,0.000000,0
SRVPROC_SHUTDOWN,0.000000,0
NET_WAITFOR_PACKET,0.000000,0
DTC_ABORT_REQUEST,0.000000,0
DTC_TMDOWN_REQUEST,0.000000,0
RECOVER_CHANGEDB,0.000000,0
WORKTBL_DROP,0.000000,0
SNI_WRITE_ASYNC,0.000000,0
SNI_HTTP_WAITFOR_0_DISCON,0.000000,0
UTIL_PAGE_ALLOC,0.000000,0
DEADLOCK_ENUM_MUTEX,0.000000,0
VIEW_DEFINITION_MUTEX,0.000000,0
QUERY_NOTIFICATION_MGR_MUTEX,0.000000,0
QUERY_NOTIFICATION_TABLE_MGR_MUTEX,0.000000,0
QUERY_NOTIFICATION_SUBSCRIPTION_MUTEX,0.000000,0
QUERY_NOTIFICATION_UNITTEST_MUTEX,0.000000,0
RESOURCE_SEMAPHORE_MUTEX,0.000000,0
IO_AUDIT_MUTEX,0.000000,0
BUILTIN_HASHKEY_MUTEX,0.000000,0
MSQL_XACT_MGR_MUTEX,0.000000,0
MSQL_XACT_MUTEX,0.000000,0
QRY_MEM_GRANT_INFO_MUTEX,0.000000,0
SNI_CRITICAL_SECTION,0.000000,0
EE_PMOLOCK,0.000000,0
QUERY_OPTIMIZER_PRINT_MUTEX,0.000000,0
DLL_LOADING_MUTEX,0.000000,0
RESOURCE_SEMAPHORE_QUERY_COMPILE,0.000000,0
QUERY_EXECUTION_INDEX_SORT_EVENT_OPEN,0.000000,0
ERROR_REPORTING_MANAGER,0.000000,0
EE_SPECPROC_MAP_INIT,0.000000,0
FULLTEXT GATHERER,0.000000,0
SEQUENTIAL_GUID,0.000000,0
SNI_TASK_COMPLETION,0.000000,1
SNI_LISTENER_ACCESS,0.000000,0
EXECUTION_PIPE_EVENT_INTERNAL,0.000000,0
CLR_MEMORY_SPY,0.000000,0
CLRHOST_STATE_ACCESS,0.000000,0
LATCH_UP,0.000000,0
LATCH_EX,0.000000,8
LATCH_DT,0.000000,0
PWAIT_LATCH_ONLY,0.000000,0
PAGELATCH_NL,0.000000,0
PAGELATCH_KP,0.000000,0
PAGELATCH_UP,0.000000,0
MISCELLANEOUS,0.000000,0
LCK_M_SCH_S,0.000000,0
PAGEIOLATCH_DT,0.000000,0
TRAN_MARKLATCH_NL,0.000000,0
TRAN_MARKLATCH_KP,0.000000,0
TRAN_MARKLATCH_SH,0.000000,0
TRAN_MARKLATCH_UP,0.000000,0
TRAN_MARKLATCH_EX,0.000000,0
TRAN_MARKLATCH_DT,0.000000,0
RESOURCE_QUEUE,0.000000,0
LCK_M_U,0.000000,0
LCK_M_X,0.000000,0
LCK_M_IS,0.000000,0
LCK_M_IU,0.000000,0
LCK_M_IX,0.000000,0
LCK_M_SIU,0.000000,0
LCK_M_SIX,0.000000,0
LCK_M_UIX,0.000000,0
LCK_M_BU,0.000000,0
LCK_M_RS_S,0.000000,0
LCK_M_RS_U,0.000000,0
LCK_M_RIn_NL,0.000000,0
LCK_M_RIn_S,0.000000,0
LCK_M_RIn_U,0.000000,0
LCK_M_RIn_X,0.000000,0
LCK_M_RX_S,0.000000,0
LCK_M_RX_U,0.000000,0
LCK_M_RX_X,0.000000,0
LCK_M_SCH_A,0.000000,0
LCK_M_SCH_C,0.000000,0
LATCH_NL,0.000000,0
LATCH_KP,0.000000,0
CMEMPARTITIONED,0.000000,0
SOSHOST_INTERNAL,0.000000,0
SOSHOST_SLEEP,0.000000,0
SOSHOST_WAITFORDONE,0.000000,0
SOSHOST_MUTEX,0.000000,0
SOSHOST_EVENT,0.000000,0
SOSHOST_SEMAPHORE,0.000000,0
SOSHOST_RWLOCK,0.000000,0
SOSHOST_TRACELOCK,0.000000,0
SOSHOST_LAZY_PREEMPTIVE,0.000000,0
SERVER_IDLE_CHECK,0.000000,0
SOS_PROCESS_AFFINITY_MUTEX,0.000000,3
SOS_STACKSTORE_INIT_MUTEX,0.000000,0
SOS_SYNC_TASK_ENQUEUE_EVENT,0.000000,2
SOS_OBJECT_STORE_DESTROY_MUTEX,0.000000,0
INTERNAL_TESTING,0.000000,0
DUMPTRIGGER,0.000000,0
SOS_DISPATCHER_MUTEX,0.000000,5
XE_DISPATCHER_JOIN,0.000000,0
RG_RECONFIG,0.000000,0
RESMGR_THROTTLED,0.000000,0
SOS_MEMORY_USAGE_ADJUSTMENT,0.000000,0
PREEMPTIVE_SOSHOST,0.000000,0
PREEMPTIVE_SOSTESTING,0.000000,0
LAZY_PREEMPTIVE_SOSTESTING,0.000000,0
PREEMPTIVE_STRESSDRIVER,0.000000,0
PREEMPTIVE_PAGEHEAP,0.000000,0
SOS_SMALL_PAGE_ALLOC,0.000000,0
DISPATCHER_PRIORITY_QUEUE_SEMAPHORE,0.000000,0
RESOURCE_GOVERNOR_IDLE,0.000000,0
LOG_RATE_GOVERNOR,0.000000,0
POOL_LOG_RATE_GOVERNOR,0.000000,0
PAGEIOLATCH_UP,0.000000,22
PAGELATCH_DT,0.000000,0
PAGEIOLATCH_NL,0.000000,0
PAGEIOLATCH_KP,0.000000,0
IO_QUEUE_LIMIT,0.000000,0
SESSION_WAIT_STATS_CHILDREN,0.000000,0
PREEMPTIVE_XE_DISPATCHER,0.000000,2
SOS_VIRTUALMEMORY_LOW,0.000000,0
SOS_MEMORY_TOPLEVELBLOCKALLOCATOR,0.000000,0
SOS_PHYS_PAGE_CACHE,0.000000,0
PREEMPTIVE_XE_TARGETFINALIZE,0.000000,3
XE_STM_CREATE,0.000000,0
XE_TIMER_MUTEX,0.000000,0
XE_TIMER_TASK_DONE,0.000000,0
PREEMPTIVE_XE_TIMERRUN,0.000000,1
XE_BUFFERMGR_FREEBUF_EVENT,0.000000,0
WAIT_SLEEP_LOWMEM_GUARD,0.000000,0
PREEMPTIVE_XE_ENGINEINIT,0.000000,0
XE_CALLBACK_LIST,0.000000,0
XE_OLS_LOCK,0.000000,0
PREEMPTIVE_XE_PROXY_ADDSESSION,0.000000,0
PREEMPTIVE_XE_PROXY_REMOVESESSION,0.000000,0
PREEMPTIVE_XE_PROXY_PROCESSBUFFER,0.000000,0
XE_MODULEMGR_SYNC,0.000000,0
XE_SERVICES_MUTEX,0.000000,0
XE_SERVICES_RWLOCK,0.000000,0
XE_SERVICES_EVENTMANUAL,0.000000,0
XE_SESSION_SYNC,0.000000,0
XE_SESSION_FLUSH,0.000000,0
PARALLEL_BACKUP_QUEUE,0.000000,0
FABRIC_ENDPOINT_SYNC_EVENT,0.000000,0
SEEDING_COMPLETED_MUTEX,0.000000,0
DUMP_LOG_COORDINATOR_QUEUE,0.000000,0
LOWFAIL_MEMMGR_QUEUE,0.000000,0
BACKUP,0.000000,0
BACKUPBUFFER,0.000000,0
BACKUPIO,0.000000,0
BACKUPTHREAD,0.000000,0
DBMIRROR_DBM_MUTEX,0.000000,0
DBMIRROR_DBM_EVENT,0.000000,0
DBMIRROR_SEND,0.000000,0
DBMIRROR_EVENTS_QUEUE,0.000000,0
DBMIRROR_WORKER_QUEUE,0.000000,0
HTTP_START,0.000000,0
HTTP_ENUMERATION,0.000000,0
SOAP_READ,0.000000,0
SOAP_WRITE,0.000000,0
DUMP_LOG_COORDINATOR,0.000000,0
DISKIO_SUSPEND,0.000000,0
IMPPROV_IOWAIT,0.000000,0
TCS_DISK_LOAD,0.000000,0
DEADLOCK_TASK_SEARCH,0.000000,0
REPL_SCHEMA_ACCESS,0.000000,0
REPL_MEM_ACCESS,0.000000,0
REPL_SCAN_UNCOMMIT_TX_TABLE_MAP_ACCESS,0.000000,0
REPL_TIMER_ACCESS,0.000000,0
REPL_CACHE_ACCESS,0.000000,0
KSOURCE_WAKEUP,0.000000,1
SQLSORT_SORTMUTEX,0.000000,0
SQLSORT_NORMMUTEX,0.000000,0
SQLTRACE_WAIT_ENTRIES,0.000000,0
SQLTRACE_FILE_BUFFER,0.000000,0
PWAIT_HADR_CHANGE_NOTIFIER_TERMINATION_SYNC,0.000000,0
PWAIT_HADR_ACTION_COMPLETED,0.000000,0
PWAIT_HADR_OFFLINE_COMPLETED,0.000000,0
PWAIT_HADR_ONLINE_COMPLETED,0.000000,0
PWAIT_HADR_FAILOVER_COMPLETED,0.000000,0
PWAIT_HADR_WORKITEM_COMPLETED,0.000000,0
HADR_WORK_POOL,0.000000,0
HADR_WORK_QUEUE,0.000000,0
HADR_LOGCAPTURE_SYNC,0.000000,0
PWAIT_HADR_CLUSTER_INTEGRATION,0.000000,0
LOGCAPTURE_LOGPOOLTRUNCPOINT,0.000000,0
LOGPOOL_CACHESIZE,0.000000,0
LOGPOOL_FREEPOOLS,0.000000,0
LOGPOOL_REPLACEMENTSET,0.000000,0
LOGPOOL_CONSUMERSET,0.000000,0
LOGPOOL_MGRSET,0.000000,0
LOGPOOL_CONSUMER,0.000000,0
LOGPOOL_CONSUMER_DELETABLE,0.000000,0
LOGPOOLREFCOUNTEDOBJECT_REFDONE,0.000000,0
HADR_SYNC_COMMIT,0.000000,0
HADR_HARDENED_BLOCK,0.000000,0
HADR_AG_MUTEX,0.000000,0
PWAIT_HADR_SERVER_READY_CONNECTIONS,0.000000,0
HADR_FILESTREAM_MANAGER,0.000000,0
HADR_FILESTREAM_BLOCK_FLUSH,0.000000,0
HADR_FILESTREAM_IOMGR,0.000000,0
QDS_TASK_SHUTDOWN,0.000000,0
QDS_SHUTDOWN_QUEUE,0.000000,0
QDS_EXCLUSIVE_ACCESS,0.000000,0
PREEMPTIVE_XE_CX_FILE_OPEN,0.000000,0
XE_CX_FILE_READ,0.000000,0
WINFAB_API_CALL,0.000000,0
PREEMPTIVE_XE_CX_HTTP_CALL,0.000000,0
PWAIT_LOG_CONSOLIDATION_POLL,0.000000,0
PWAIT_LOG_CONSOLIDATION_IO,0.000000,0
COLUMNSTORE_BUILD_THROTTLE,0.000000,0
COLUMNSTORE_ATTRIBUTE_CONTAINER,0.000000,0
DBSEEDING_OPERATION,0.000000,0
DBSEEDING_FLOWCONTROL,0.000000,0
PHYSICAL_SEEDING_DMV,0.000000,0
DROP_DATABASE_TIMER_TASK,0.000000,0
SNI_CONN_DUP,0.000000,0
SEQUENCE_GENERATION,0.000000,0
RTDATA_LIST,0.000000,0
PWAIT_HADR_JOIN,0.000000,0
WINFAB_REPLICA_BUILD_OPERATION,0.000000,0
FABRIC_REPLICA_PUBLISHER_EVENT_PUBLISH,0.000000,0
QDS_CLEANUP_STALE_QUERIES_TASK_MAIN_LOOP_SLEEP,0.000000,0
TDS_PROXY_CONTAINER,0.000000,0
HADR_THROTTLE_LOG_RATE_GOVERNOR,0.000000,0
XDB_CONN_DUP_HASH,0.000000,0
PWAIT_HADRSIM,0.000000,0
XTP_TRUNCATION_LSN,0.000000,0
ROWGROUP_OP_STATS,0.000000,0
BPSORT,0.000000,0
ROWGROUP_VERSION,0.000000,0
XTP_PREEMPTIVE_TASK,0.000000,1
WINHTTP_CONNECTION_MANAGER,0.000000,0
INSTANCE_LOG_RATE_GOVERNOR,0.000000,0
NETWORKSXMLMGRLOAD,0.000000,0
BLOB_METADATA,0.000000,0
FORWARDER_TRANSITION,0.000000,0
FILE_OWNERSHIP_TABLE,0.000000,0
GLOBAL_TRAN_CREATE,0.000000,0
CONNECTION_ENDPOINT_LOCK,0.000000,0
TDS_BANDWIDTH_STATE,0.000000,0
DTCNEW_RECOVERY,0.000000,0
DTCNEW_TRANSACTION_ENLISTMENT,0.000000,0
DTCNEW_ENLIST,0.000000,0
DTCNEW_PREPARE,0.000000,0
DTCNEW_TM,0.000000,0
DTC_PRECOMMIT,0.000000,0
HCCO_CACHE,0.000000,0
TDS_INIT,0.000000,0
WINDOW_AGGREGATES_MULTIPASS,0.000000,0
REMOTE_DATA_ARCHIVE_MIGRATION_DMV,0.000000,0
REMOTE_DATA_ARCHIVE_SCHEMA_DMV,0.000000,0
REMOTE_DATA_ARCHIVE_SCHEMA_TASK_QUEUE,0.000000,0
GLOBAL_TRAN_UCS_SESSION,0.000000,0
XE_FILE_TARGET_TVF,0.000000,0
GLOBAL_QUERY_PRODUCER,0.000000,0
GLOBAL_QUERY_CONSUMER,0.000000,0
GLOBAL_QUERY_CANCEL,0.000000,0
GLOBAL_QUERY_CLOSE,0.000000,0
GLOBAL_QUERY_EXTRACTOR_EXECUTE,0.000000,0
PWAIT_XTP_HOST_STORAGE_WAIT,0.000000,0
HADR_FABRIC_CALLBACK,0.000000,0
WINFAB_REPORT_FAULT,0.000000,0
ASYNC_OP_CONTEXT_READ,0.000000,0
ASYNC_OP_CONTEXT_WRITE,0.000000,0
ASYNC_OP_COMPLETION,0.000000,0
FABRIC_REPLICA_PUBLISHER_SUBSCRIBER_LIST,0.000000,0
FABRIC_REPLICA_CONTROLLER_STATE_AND_CONFIG,0.000000,0
FABRIC_REPLICA_CONTROLLER_LIST,0.000000,0
FABRIC_HADR_TRANSPORT_CONNECTION,0.000000,0
FABRIC_WAIT_FOR_BUILD_REPLICA_EVENT_PROCESSING,0.000000,0
PWAIT_FABRIC_REPLICA_CONTROLLER_DATA_LOSS,0.000000,0
VDI_CLIENT_GETCOMMAND,0.000000,0
VDI_CLIENT_COMPLETECOMMAND,0.000000,0
VDI_CLIENT_OTHER,0.000000,0
VDI_CLIENT_OPERATION,0.000000,0
HADR_DBSEEDING,0.000000,0
HADR_DBSEEDING_LIST,0.000000,0
SLO_UPDATE,0.000000,0
WAIT_XTP_RECOVERY,0.000000,0
WAIT_XTP_OFFLINE_CKPT_NEW_LOG,0.000000,0
WAIT_XTP_OFFLINE_CKPT_LOG_IO,0.000000,0
WAIT_XTP_OFFLINE_CKPT_BEFORE_REDO,0.000000,0
WAIT_XTP_PROCEDURE_ENTRY,0.000000,0
WAIT_XTP_CKPT_ENABLED,0.000000,0
WAIT_XTP_CKPT_AGENT_WAKEUP,0.000000,0
WAIT_XTP_CKPT_CLOSE,0.000000,0
WAIT_XTP_CKPT_STATE_LOCK,0.000000,0
WAIT_XTP_ASYNC_TX_COMPLETION,0.000000,0
LCK_M_SCH_S_LOW_PRIORITY,0.000000,0
LCK_M_SCH_M_LOW_PRIORITY,0.000000,0
LCK_M_S_LOW_PRIORITY,0.000000,0
LCK_M_U_LOW_PRIORITY,0.000000,0
LCK_M_X_LOW_PRIORITY,0.000000,0
LCK_M_IS_LOW_PRIORITY,0.000000,0
LCK_M_IU_LOW_PRIORITY,0.000000,0
LCK_M_IX_LOW_PRIORITY,0.000000,0
LCK_M_SIU_LOW_PRIORITY,0.000000,0
LCK_M_SIX_LOW_PRIORITY,0.000000,0
LCK_M_UIX_LOW_PRIORITY,0.000000,0
LCK_M_BU_LOW_PRIORITY,0.000000,0
LCK_M_RS_S_LOW_PRIORITY,0.000000,0
LCK_M_RS_U_LOW_PRIORITY,0.000000,0
LCK_M_RIn_NL_LOW_PRIORITY,0.000000,0
LCK_M_RIn_S_LOW_PRIORITY,0.000000,0
LCK_M_RIn_U_LOW_PRIORITY,0.000000,0
LCK_M_RIn_X_LOW_PRIORITY,0.000000,0
LCK_M_RX_S_LOW_PRIORITY,0.000000,0
LCK_M_RX_U_LOW_PRIORITY,0.000000,0
LCK_M_RX_X_LOW_PRIORITY,0.000000,0
LCK_M_SCH_A_LOW_PRIORITY,0.000000,0
LCK_M_SCH_C_LOW_PRIORITY,0.000000,0
LCK_M_SCH_S_ABORT_BLOCKERS,0.000000,0
LCK_M_SCH_M_ABORT_BLOCKERS,0.000000,0
LCK_M_S_ABORT_BLOCKERS,0.000000,0
LCK_M_U_ABORT_BLOCKERS,0.000000,0
LCK_M_X_ABORT_BLOCKERS,0.000000,0
LCK_M_IS_ABORT_BLOCKERS,0.000000,0
LCK_M_IU_ABORT_BLOCKERS,0.000000,0
LCK_M_IX_ABORT_BLOCKERS,0.000000,0
LCK_M_SIU_ABORT_BLOCKERS,0.000000,0
LCK_M_SIX_ABORT_BLOCKERS,0.000000,0
LCK_M_UIX_ABORT_BLOCKERS,0.000000,0
LCK_M_BU_ABORT_BLOCKERS,0.000000,0
LCK_M_RS_S_ABORT_BLOCKERS,0.000000,0
LCK_M_RS_U_ABORT_BLOCKERS,0.000000,0
LCK_M_RIn_NL_ABORT_BLOCKERS,0.000000,0
LCK_M_RIn_S_ABORT_BLOCKERS,0.000000,0
LCK_M_RIn_U_ABORT_BLOCKERS,0.000000,0
LCK_M_RIn_X_ABORT_BLOCKERS,0.000000,0
LCK_M_RX_S_ABORT_BLOCKERS,0.000000,0
LCK_M_RX_U_ABORT_BLOCKERS,0.000000,0
LCK_M_RX_X_ABORT_BLOCKERS,0.000000,0
LCK_M_SCH_A_ABORT_BLOCKERS,0.000000,0
LCK_M_SCH_C_ABORT_BLOCKERS,0.000000,0
TERMINATE_LISTENER,0.000000,0
WAIT_SCRIPTDEPLOYMENT_REQUEST,0.000000,0
WAIT_SCRIPTDEPLOYMENT_WORKER,0.000000,0
FEATURE_SWITCHES_UPDATE,0.000000,0
XTP_HOST_DB_COLLECTION,0.000000,0
XTP_HOST_LOG_ACTIVITY,0.000000,0
QDS_DYN_VECTOR,0.000000,0
QDS_STMT,0.000000,0
QDS_CTXS,0.000000,0
QDS_BCKG_TASK,0.000000,0
QDS_DB_DISK,0.000000,0
QDS_STMT_DISK,0.000000,0
QDS_ASYNC_PERSIST_TASK,0.000000,0
QDS_LOADDB,0.000000,1
QDS_ASYNC_PERSIST_TASK_START,0.000000,1
QDS_ASYNC_CHECK_CONSISTENCY_TASK,0.000000,0
QDS_TASK_START,0.000000,1
TEMPORAL_BACKGROUND_PROCEED_CLEANUP,0.000000,0
QDS_HOST_INIT,0.000000,0
QDS_MANAGER_INIT,0.000000,0
EXTERNAL_SCRIPT_NETWORK_IO,0.000000,0
EXTERNAL_SERVICE_BLOB_MESSAGE,0.000000,0
EXTERNAL_SERVICE_CONNECTION_CLOSE,0.000000,0
STREAMING_SERVICE_RESTART_FINISHED,0.000000,0
STREAMING_SERVICE_SEND_KILL_PROCESS,0.000000,0
XDB_PKG_LAUNCHER_CONNECTION,0.000000,0
HADR_THROTTLE_LOG_RATE_LOG_SIZE,0.000000,0
HADR_THROTTLE_LOG_RATE_SEND_RECV_QUEUE_SIZE,0.000000,0
HADR_THROTTLE_LOG_RATE_SEEDING,0.000000,0
HADR_THROTTLE_LOG_RATE_MISMATCHED_SLO,0.000000,0
HADR_THROTTLE_LOG_RATE_SLO_DOWNGRADE,0.000000,0
HADR_THROTTLE_LOG_RATE_INSTANCE_STORAGE_SIZE,0.000000,0
QRY_PROFILE_LIST_MUTEX,0.000000,0
RESTORE_FILEHANDLECACHE_ENTRYLOCK,0.000000,0
RESTORE_FILEHANDLECACHE_LOCK,0.000000,0
MEMORY_GRANT_UPDATE,0.000000,0
SBS_TRANSPORT,0.000000,0
PWAIT_SBS_FILE_OPERATION,0.000000,0
PWAIT_SBS_API_STATS_PUBLISH,0.000000,0
PWAIT_SBS_IOAPI_STATS_PUBLISH,0.000000,0
PWAIT_DBCC_FREEZEIO_MUTEX,0.000000,0
PWAIT_DBCC_THAWIO_MUTEX,0.000000,0
SBS_DISPATCH,0.000000,0
SBS_RECEIVE_TRANSPORT,0.000000,0
SBS_TRANSPORT_COMPLETION,0.000000,0
SBS_TRANSPORT_BUFFER_DEREFERENCE,0.000000,0
WAIT_XTP_COMPILE_WAIT,0.000000,0
WAIT_XTP_SERIAL_RECOVERY,0.000000,0
PWAIT_PREEMPTIVE_APP_USAGE_TIMER,0.000000,0
PWAIT_PREEMPTIVE_IN_MEM_ETW_PARSER,0.000000,0
REMOTE_BLOCK_IO,0.000000,0
RBIO_PS_ACTOR_COLLECTION_RWLOCK,0.000000,0
RBIO_COMPLETE_LOG_READ,0.000000,0
RBIO_CONNECTION_MGR,0.000000,0
RBIO_UNINITIALIZE,0.000000,0
RBIO_AWAIT_RESPONSE,0.000000,0
RBIO_COMM_RETRY,0.000000,0
RBIO_COMM_UNINITIALIZE,0.000000,0
RBIO_INITIALIZE_MUTEX,0.000000,0
RBIO_FCB_DEFERRED_IO_FN,0.000000,0
RBIO_FCB_DEFERRED_IO,0.000000,0
RBIO_WAIT_VLF,0.000000,0
XLOGREAD_SIGNAL,0.000000,0
XLOG_BGTHREAD,0.000000,0
XLOG_GAPFILLERTHREAD,0.000000,0
XLOG_BROKER_WAITFULL,0.000000,0
XLOG_BROKER_WAITMAXALLOWED,0.000000,0
XLOG_SPACEMGR_INITIALIZE,0.000000,0
XLOG_BROKER_WAIT_PAGE,0.000000,0
XLOG_BROKER_UNLINKING_IN_PROGRESS,0.000000,0
FOREIGN_REDO,0.000000,0
FOREIGN_FILE_VALIDATION,0.000000,0
BLOB_CONTAINER_TABLE,0.000000,0
RESTORE_MSDA_THREAD_BARRIER,0.000000,0
BACKUP_INMEM_DIFFLIST_READ_ACCESS,0.000000,0
BACKUP_INMEM_DIFFLIST_WRITE_ACCESS,0.000000,0
BACKUP_BACKUP_MGR_MIHYBRIDINFO_RWLOCK,0.000000,0
PREEMPTIVE_XE_PROXY_SESSIONCOMMIT,0.000000,0
UCS_CNG_PROVIDER_MUTEX,0.000000,0
PREEMPTIVE_OS_BCRYPTIMPORTKEY,0.000000,0
PREEMPTIVE_OS_NCRYPTIMPORTKEY,0.000000,0
PWAIT_EXTERNAL_SCRIPT_LIBMGMT_DIR_PERMS,0.000000,0
PREEMPTIVE_NTJOB_CALLS,0.000000,0
VERSION_STORE_MGR_LOCK,0.000000,0
PVS_CLEANUP_LOCK,0.000000,0
PVS_SHRINK_SYNC_LOCK,0.000000,0
SLOG_APPEND,0.000000,0
SLOG_TRUNCATION,0.000000,0
SBS_NSO_PROCESS_HASHTABLE,0.000000,0
PREEMPTIVE_OS_WAITFORSINGLEOBJECT_SBS_API,0.000000,0
PREEMPTIVE_OS_WAITFORSINGLEOBJECT_SBS_IO,0.000000,0
WAIT_LOG_LEASE_HASH_LOCK,0.000000,0
WAIT_WPR_MUTEX,0.000000,0
WAIT_WPR_TABLEACCESS_MUTEX,0.000000,0
REMOTE_CS_GC,0.000000,0
PROTECTED_SHARED_BUFFER,0.000000,0
CATALOG_DB_INFO,0.000000,0
WAIT_WPR_STACK_MUTEX,0.000000,0
CS_BLOB_BPOOL,0.000000,0
NATIVE_SHUFFLE_PROCESS_INPUT_BATCHES,0.000000,0
NATIVE_SHUFFLE_SBS_BUFFER_WRITES,0.000000,0
NATIVE_SHUFFLE_WRITE_BUFFER_DEQUEUE,0.000000,0
SBS_NSO_PROCESS_OPENHANDLE_LIST,0.000000,0
NATIVE_SHUFFLE_SBS_READS,0.000000,0
PREEMPTIVE_OS_READFILE,0.000000,0
PREEMPTIVE_RG_RESPONSEFROMSERVER,0.000000,0
PREEMPTIVE_RG_HTTP,0.000000,0
CLONEDB_CHECKDB,0.000000,0
PREEMPTIVE_OS_WAITFORSINGLEOBJECT_SBS_IOCP,0.000000,0
SBS_SYNC_IO_COMPLETION,0.000000,0
TIERED_STORAGE_REENCRYPTION_TASK,0.000000,0
WAIT_REDO_CATCHUP,0.000000,0
TIERED_STORAGE_PERSIST_LRU_INFO_TASK,0.000000,0
WAIT_CATALOG_COMMUNICATION_HUB,0.000000,0
WAIT_DYNAMIC_INTERNAL_TABLE_BASE,0.000000,0
NATIVE_SHUFFLE_SHARED_BUFFER,0.000000,0
VLDB_DUMP_LOG_LOCK,0.000000,0
MANAGED_INSTANCE_FILE_SYNCH,0.000000,0
TIERED_STORAGE_SCANNER,0.000000,0
TIERED_STORAGE_MIGRATION_TASK,0.000000,0
COLUMNSTORE_ATTRIBUTE_ACCESSOR,0.000000,0
LOGPOOL_CONSUMER_SCAN,0.000000,0
EXTERNAL_SCRIPT_LAUNCHPAD,0.000000,0
WAIT_PREEMPTIVE_GET_APP_PATH,0.000000,0
RBIO_RG_STORAGE,0.000000,0
RBIO_RG_STORAGE_CHECKPOINT,0.000000,0
RBIO_RG_DESTAGE,0.000000,0
RBIO_RG_REPLICA,0.000000,0
RBIO_RG_GEOREPLICA,0.000000,0
PVS_TRACK_PAGES_MUTEX,0.000000,0
WAIT_CTR_ABORTED_XDESID_MUTEX,0.000000,0
EXTERNAL_SCRIPT_CREATE_CERTIFICATE,0.000000,0
XLOG_TOSITER_IO,0.000000,0
XLOG_ATTACH,0.000000,0
XLOG_POOL_QUERY_WAIT,0.000000,0
PWAIT_ASYNC_DEFERRAL_WAIT,0.000000,0
ASYNC_SHUTDOWN,0.000000,0
XLOG_POOL_FILLER_SLEEP,0.000000,0
XLOG_POOL_FILLER_SHUTDOWN,0.000000,0
PWAIT_XLOG_POOL_EVICT_SLEEP,0.000000,0
XLOG_POOL_SHUTDOWN,0.000000,0
TIERED_STORAGE_CACHE_HIT_STATS,0.000000,0
SBS_WRITE_WAIT_TABLE,0.000000,0
VERSION_LEASE_HASH_LOCK,0.000000,0
PVS_ENABLE_EVENT,0.000000,0
SBS_COPY_IO_COMPLETION,0.000000,0
FEDERATION_NODE_API_CALL,0.000000,0
IQ_QUERY_COMPLETION,0.000000,0
PREEMPTIVE_EDC,0.000000,0
PREEMPTIVE_REPORTING,0.000000,0
PREEMPTIVE_EMC,0.000000,0
EDC_INIT_MUTEX,0.000000,0
EDC_INIT_RWLOCK,0.000000,0
EMC_INIT_MUTEX,0.000000,0
IQ_CHANNEL_HASH_LOCK,0.000000,0
PREEMPTIVE_XA_START,0.000000,0
PREEMPTIVE_XA_OPERATION,0.000000,0
PREEMPTIVE_XA_RECOVER,0.000000,0
HADR_DBHEALTH_INFOMAP_ACCESS,0.000000,0
RBIO_TRANSITION_SYNC,0.000000,0
IQ_REQUEST_HASH_LOCK,0.000000,0
EDC_FABRIC_RESOLVE_SERVICE_URI,0.000000,0
EMC_FABRIC_RESOLVE_SERVICE_URI,0.000000,0
PWAIT_EXTENSIBILITY_CLEANUP_TASK,0.000000,0
RESERVOIR_SAMPLE_CRITICAL_SECTION,0.000000,0
PREEMPTIVE_AUTHENTICATE_LAUNCHPADD,0.000000,0
INTERFACE_ENDPOINTS_LIST_RWLOCK,0.000000,0
TESTTHREAD,0.000000,0
CSATTRIBUTECACHE_UNITTEST,0.000000,0
DATA_EXPORT_COMPLETION_SYNC,0.000000,0
PWAIT_EXTERNAL_LIBRARY_API_CALL,0.000000,0
RBIO_RG_LOCALDESTAGE,0.000000,0
IQ_CONFIG_HASH_LOCK,0.000000,0
IQ_RESOLVE,0.000000,0
TOAD_DELETEBITMAP_ZONE,0.000000,0
TOAD_AUTOSTATISTICS_ZONE,0.000000,0
TOAD_SHUTDOWN,0.000000,0
PARALLEL_DB_SEEDING_SEMAPHORE,0.000000,0
FIDO_CLIENT_STARTUP,0.000000,0
HTTP_EXTERNAL_CONNECTION,0.000000,0
PREEMPTIVE_OS_GETQUEUEDCOMPLETIONSTATUS,0.000000,0
WAIT_FIDO_GLMS_ASYNC_WORKER,0.000000,0
WAIT_FIDO_GLMS_UT,0.000000,0
EXTERNAL_GOVERNANCE_PULL_TASK,0.000000,0
FIDO_AUTOSTATISTICS_TASK,0.000000,0
VLDB_SNAPSHOT_MUTEX,0.000000,0
RBPEX_CHANGE_FILE_SIZE_MUTEX,0.000000,0
DIRECTORY_CONTENT_LIST_CLERK,0.000000,0
PWAIT_SYNAPSE_LINK_END_HISTORY_SESSION,0.000000,0
PWAIT_SYNAPSE_LINK_LZN_API_CALL,0.000000,0
PWAIT_SYNAPSE_LINK_MEM_CAP_THROTTLE,0.000000,0
PWAIT_SYNAPSE_LINK_PUBLISHER_DONE,0.000000,0
CORRUPTED_PAGE_PROCESS,0.000000,0
HTTP_EXTERNAL_CONNECTION_ALLOW_LIST,0.000000,0
WAIT_EXTERNAL_GOVERNANCE_POLICY_PROVIDER,0.000000,0
SYNAPSELINK_CAPTURE_JOBTASK_ACCESS,0.000000,0
SYNAPSELINK_PUBLISH_JOBTASK_ACCESS,0.000000,0
SYNAPSELINK_COMMIT_JOBTASK_ACCESS,0.000000,0
SYNAPSELINK_SNAPSHOT_JOBTASK_ACCESS,0.000000,0
SYNAPSELINK_FAILBATCH_ACCESS,0.000000,0
CHANGE_FEED_CAPTURE,0.000000,0
WAIT_SYNC_LAG_PARTNERS_LIST,0.000000,0
HTTP_EXTERNAL_CONNECTION_IPV4_BLOCK_LIST,0.000000,0
XE_PREDICATE_HEAP_ALLOC,0.000000,0
XE_PREDICATE_HEAP_FREE,0.000000,0
XE_SQL_TEXT_HEAP_ALLOC,0.000000,0
XE_SQL_TEXT_HEAP_FREE,0.000000,0
XE_SQL_TEXT_PREDICATE,0.000000,0
ARC_IMDS_RESOURCE_INFO,0.000000,0
MANAGED_DISKS_CONFIGURATION,0.000000,0
PWAIT_S3_TEMP_CREDENTIAL,0.000000,0
WAIT_DW_TX_EXTERNALIZATION_IO_COMPLETION,0.000000,0
XE_RING_TARGET_MUTEX,0.000000,0
XE_LIVE_TARGET_MUTEX,0.000000,0
"EXTERNAL_GOVERNANCE_ATTR_SYNC_BACKGROUND ",0.000000,0
"EDC_DOPP_LOCK ",0.000000,0
"EDC_DOPP_BACKGROUND ",0.000000,0
"SQP_STATS_REPORTING ",0.000000,0
WAIT_RBPEX_WRITEBEHIND_CKPT_CONSISTENCY_LOCK,0.000000,0
WAIT_EXTERNAL_GOVERNANCE_POLICY_SESSION_AUDIT,0.000000,0
WAIT_EXTERNAL_GOVERNANCE_POLICY_SESSIONS_AUDIT,0.000000,0
PURVIEW_POLICY_SDK_PREEMPTIVE_SCHEDULING,0.000000,1
DW_WS_DB_LIST,0.000000,0
DW_DB,0.000000,0
WAIT_EXTERNAL_GOVERNANCE_POLICY_AAD_GROUP_INFO,0.000000,0
CDC_SCAN_FINISHED,0.000000,0
WAIT_EXTERNAL_GOVERNANCE_PERMCACHE_RESOURCELOCK,0.000000,0
WAIT_EXTERNAL_GOVERNANCE_PERMCACHE_DECISIONLOCK,0.000000,0
NATIVE_SHUFFLE_IN_MEM_STORAGE_MUTEX,0.000000,0
PWAIT_EDC_PROVISIONING_RWLOCK,0.000000,0
PWAIT_EDC_UNREGISTERING_MUTEX,0.000000,0
WAIT_MWC_TOKEN_CALLBACK_INITLOCK,0.000000,0
WAIT_MWC_SIGNING_CERT_URI_INITLOCK,0.000000,0
PWAIT_MWC_HTTP_CLIENT_LOCK,0.000000,0
HTTP_EXTERNAL_CONNECTION_IPV6_BLOCK_LIST,0.000000,0
COLUMNSTORE_TRANSCODER_MANAGER,0.000000,0
COLUMNSTORE_TRANSCODER_METADATA_MAP_CACHE,0.000000,0
COLUMNSTORE_TRANSCODER_MANAGER_FILE_HANDLE,0.000000,0
COLUMNSTORE_TRANSCODER_MANAGER_COMPLETED_FILE,0.000000,0
COLUMNSTORE_TRANSCODER_GET_MORE_ROW_GROUPS,0.000000,0
COLUMNSTORE_TRANSCODER_GET_FILE_METADATA,0.000000,0
COLUMNSTORE_TRANSCODER_GET_FILE_METADATA_OLD,0.000000,0
COLUMNSTORE_TRANSCODER_ADD_ROW_GROUPS,0.000000,0
COLUMNSTORE_TRANSCODER_DELETE_BITMAP,0.000000,0
COLUMNSTORE_TRANSCODER_PARTITIONING_COLUMN_INFO,0.000000,0
COLUMNSTORE_TRANSCODER_DISK_CACHING_ACTIVITY_TRACKER,0.000000,0
COLUMNSTORE_TRANSCODER_DISK_CACHING_CLEANUP,0.000000,0
PWAIT_COLUMNSTORE_TRANSCODER_FETCH_DELETION_VECTOR_ACCESSOR,0.000000,0
PWAIT_COLUMNSTORE_TRANSCODER_DISPATCHER_POOL_WORK_COMPLETE,0.000000,0
PWAIT_COLUMNSTORE_TRANSCODER_CREATE_TRANSCODER,0.000000,0
PWAIT_COLUMNSTORE_TRANSCODER_READ_AHEAD_COMPLETION,0.000000,0
COLUMNSTORE_TRANSCODER_ATTR_CACHE_INIT,0.000000,0
COLUMNSTORE_TRANSCODER_ATTR_CACHE_RG_ENTRY_INIT,0.000000,0
PWAIT_COLUMNSTORE_ASYNC_TRANSCODING_COMPLETION,0.000000,0
PWAIT_COLUMNSTORE_ASYNC_TRANSCODING_CANCELLATION,0.000000,0
PWAIT_COLUMNSTORE_TRANSCODER_SET_UP_ROW_GROUP,0.000000,0
PWAIT_COLUMNSTORE_TRANSCODER_RA_STATE_MAP,0.000000,0
PWAIT_COLUMNSTORE_TRANSCODER_COLUMN_TELEMETRY,0.000000,0
PWAIT_COLUMNSTORE_TRANSCODER_UNITTEST,0.000000,0
PWAIT_COLUMNSTORE_TRANSCODER_ACQUIRE_WORK_STATS,0.000000,0
PWAIT_EXTERNAL_FILE_STREAM,0.000000,0
PWAIT_EXTERNAL_EXTRACTOR_INPUT_STREAM,0.000000,0
PWAIT_RNDACCESS_FILE,0.000000,0
PWAIT_PREFETCH_POLICY,0.000000,0
PWAIT_TCS_UNITTEST_ASYNC_SOS_TASK_GROUP_ABORT,0.000000,0
TRIDENT_COMMIT_NOTIFICATION,0.000000,0
TRIDENT_ONELAKE_ENDPOINT,0.000000,0
TRIDENT_ONELAKE_CLIENT_PROXY,0.000000,0
TRIDENT_ONELAKE_REGEXP_MATCH,0.000000,0
TRIDENT_DW_MWC_HTTP_CLIENT_INIT_MUTEX,0.000000,0
TRIDENT_DW_REPORT_USAGE_PERIODIC_TASK,0.000000,0
TRIDENT_DW_REPORT_USAGE_BUFFER_INIT_MUTEX,0.000000,0
TRIDENT_DW_REPORT_USAGE_BUFFER_WRITE_MUTEX,0.000000,0
PWAIT_CREDENTIAL_CALLBACK_MUTEX,0.000000,0
NOTIFY_COMPUTE_PAGESERVER_SHUTDOWN,0.000000,0
CDC_CLEANUP_FINISHED,0.000000,0
DW_WORKSPACE_GROUP_UNITTEST,0.000000,0
BLOB_TRACE_RINGBUFFER,0.000000,0
FT_IFTS_MEMREGPOOL,0.000000,0
FT_IFTS_CRAWL_CHILDREN,0.000000,0
FT_IFTS_MERGE_FRAGMENT_SYNC,0.000000,0
FT_IFTS_PIPELINE_LIST,0.000000,0
FT_IFTS_SHUTDOWN_PIPE,0.000000,0
FT_IFTS_CATEALOG_SOURCE,0.000000,0
FT_IFTS_SCHEDULER,0.000000,0
FT_IFTS_STOPLIST_CACHE_MANAGER,0.000000,0
FT_IFTS_VERSION_MANAGER,0.000000,0
FT_IFTS_DOCID_LIST,0.000000,0
FT_IFTS_DOCID_INTERFACE_LIST,0.000000,0
FT_IFTS_CRAWL_BATCH_LIST,0.000000,0
FT_IFTS_FP_INFO_LIST,0.000000,0
FT_IFTS_MASTER_MERGE_TASK_LIST,0.000000,0
FT_IFTS_SHARED_MEMORY,0.000000,0
FT_IFTS_THESAURUS,0.000000,0
FT_IFTS_SRCH_FD_MANAGER,0.000000,0
FT_IFTS_SRCH_FD_SERVICE,0.000000,0
FT_IFTS_PIPELINE_MANAGER,0.000000,0
FT_IFTS_HOST_CONTROLLER,0.000000,0
FT_IFTS_CHUNK_BUFFER_CLIENT_MANAGER,0.000000,0
FT_IFTS_CONSUMER_PLUGIN,0.000000,0
FT_IFTS_COMP_DESC_MANAGER,0.000000,0
FT_IFTS_NOISE_WORDS_RESOURCE,0.000000,0
FT_IFTS_NOISE_WORDS_COLLECTION_CACHE,0.000000,0
FT_IFTS_PROJECT_FD_INFO_MAP,0.000000,0
FT_IFTS_CHUNK_BUFFER_PROTO_WORD_LIST,0.000000,0
FT_IFTS_ASYNC_WRITE_PIPE,0.000000,0
FT_IFTS_OCCURRENCE_BUFFER_POOL,0.000000,0
FT_IFTS_PIPELINE,0.000000,0
FT_IFTS_WORK_QUEUE,0.000000,0
FT_IFTS_BLOB_HASH,0.000000,0
FT_TELEMETRY_MUTEX,0.000000,0
NATIVE_SHUFFLE_AZURE_READ,0.000000,0
NATIVE_SHUFFLE_AZURE_WRITE,0.000000,0
NATIVE_SHUFFLE_AZURE_BLOB_LIST_ACCESS,0.000000,0
CRITICAL_SECTION_LONG_WAIT,0.000000,0
DW_TABLE_METRICS_MAP,0.000000,0
EXTERNAL_GOVERNANCE_ATTRIBUTES_SYNC_TASK,0.000000,0
DW_SHARED_DB_ATTACHMENT_LIST,0.000000,0
DW_ATTACHMENT_TASK_LIST,0.000000,0
DW_DB_ATTACHMENT,0.000000,0
DW_SYNCHRONOUS_ACTIVATION,0.000000,0
DW_ADD_DATABASE,0.000000,0
HKTEMPDB_PARALLEL_SCAN,0.000000,0
DW_INIT_WORKSPACES,0.000000,0
SYNCHRONIZED_ONCE,0.000000,0
RBPEX_SEED_FILE_MUTEX,0.000000,0
RBPEX_IO_ERROR_REPAIR_USING_PEER_MUTEX,0.000000,0
LCK_M_S_XACT,0.000000,0
"DW_RECREATE_WORKSPACES,",0.000000,0
"DW_INIT_WS_INFO_VIA_HTTP_CALLBACK,",0.000000,0
SQL_INSTANCE_NETWORK_STATS_RECORD_LOCK,0.000000,0
LCK_M_S_XACT_READ,0.000000,0
LCK_M_S_XACT_MODIFY,0.000000,0
MD_DB_SCHEMA_MODIFY_MAP_RWLOCK,0.000000,0
DW_WORKSPACE_MAP_MUTEX,0.000000,0
WAIT_FOR_FF_PATHS_CACHE_UPDATE,0.000000,0
WAIT_FOR_FFV_START_AND_STOP,0.000000,0
PWAIT_INDEX_REPAIR_HASHMAP_RWLOCK,0.000000,0
PWAIT_EXTERNAL_FILESYSTEM_CLERK,0.000000,0
PWAIT_XTP_FILE_OPERATION_UNDEPLOYMENT_RWLOCK,0.000000,0
TRIDENT_OPMETRICS_RWLOCK,0.000000,0
PWAIT_TRIDENT_LINK_NOTIFICATION_WORKITEM_QUEUE,0.000000,0
PWAIT_XE_TEST_LOCK,0.000000,0
PWAIT_EXTERNAL_FILESYSTEM_SYNC_OPERATION,0.000000,0
DW_ATTACH_DBS_AND_UPDATE_SECRETS,0.000000,0
WAIT_MWC_DFS_TOKEN_CALLBACK_INITLOCK,0.000000,0
WAIT_MWC_DW_EXTENSIBILITY_TOKEN_CALLBACK_INITLOCK,0.000000,0
SHARED_LOG,0.000000,0
WAIT_PWAIT_SQLSDA_DYNAMIC_PRIORITY_QUEUE,0.000000,0
XTP_LOGICAL_DB_SHUTDOWN_LOCK,0.000000,0
CMED_VERSION_LIST_RWLOCK,0.000000,0
PWAIT_WSTR_CACHE_INIT,0.000000,0
PWAIT_ONE_LAKE_PATH_VALIDATION,0.000000,0
LAZYPROMOTER_SLEEP,0.000000,0
PREEMPTIVE_OS_DMV_PDH_QUERY,0.000000,0
PREEMPTIVE_ALTERCONFIGCACHE,0.000000,0
TRIDENTLINK_COMMIT_NOTIFICATION_JOBTASK_ACCESS,0.000000,0
SECURITY_CACHE_LOGIN_TIMESTAMP,0.000000,0
CHANGEFEED_SCAN_FINISHED,0.000000,0
DW_INGESTION_CHAMELEON_PREEMPTIVE_CALL,0.000000,0
CHANGEFEED_COMMIT_FINISHED,0.000000,0
CHANGEFEED_SNAPSHOT_FINISHED,0.000000,0
CHANGEFEED_PUBLISH_FINISHED,0.000000,0
WAIT_REDO_CATCHUP_READ,0.000000,0
WAIT_REDO_CATCHUP_XLOGREADER,0.000000,0
DISTRIBUTED_QUERY_CONTEXT_LAST_ERROR,0.000000,0
DBCC_STACK_DUMP,0.000000,0
DW_LEASE_RENEW_EVENT,0.000000,0
DW_LEASE_RENEW_LOCK,0.000000,0
MAIN_REDO_THREAD_WAIT_WORK,0.000000,0
DW_RSCENTRY,0.000000,0
CONCURRENT_REFCOUN,0.000000,0
HADR_THROTTLE_LOG_RATE_DATABASE_LOG_SPACE_USED,0.000000,0
PRE_STACK_TRACE,0.000000,0
DW_PHYSICAL_METADATA_HYDRATION,0.000000,0
TCS_DISPATCHER_QUEUE,0.000000,0
SQLSDA_INIT_ERROR_RING_BUFFER,0.000000,0
WAIT_SQL_SDA_TRANSPORT,0.000000,0
WAIT_SQLSDA_CLIENT_ENLIST,0.000000,0
WAIT_SQLSDA_DATABASE_ENLIST,0.000000,0
WAIT_SQLSDA_XACTMGR_RPC,0.000000,0
WAIT_SQLSDA_XACT_SERVER_INIT,0.000000,0
WAIT_PWAIT_SQLSDA_XACTMGR_DB_READY,0.000000,0
WAIT_SQLSDA_SERVER_XACT_WAKEUP,0.000000,0
WAIT_SQLSDA_TRANSITION_READY,0.000000,0
HADR_THROTTLE_LOG_RATE_INSTANCE_LOG_SPACE_USED,0.000000,0
PREEMPTIVE_OS_CRYPTRELEASECONTEXT,0.000000,0
PREEMPTIVE_OS_NCRYPTFREEOBJECT,0.000000,0
WAIT_SQLSDA_GDD_RPC,0.000000,0
XSTORE_MWCTOKEN_RETRY,0.000000,0
PREEMPTIVE_AUTOTUNING_AGENT_ACTIVATION,0.000000,0
PREEMPTIVE_AUTOTUNING_AGENT_DEACTIVATION,0.000000,0
PWAIT_AUTOTUNING_AGENT_SCHEDULE,0.000000,0
WAIT_SQLSDA_CACHE_NOTIFICATION_RPC,0.000000,0
PWAIT_DW_DELTA_TABLE_LOG_DESTRUCTION,0.000000,0
SCRIBE_FUTURE_LEASE,0.000000,0
LAQ_SYNC,0.000000,0
AIRUNTIME_SATELLITE_CONNECTION_OPEN,0.000000,0
TRIDENT_LINK_GET_LZN_CURRENT_TABLE_VERSION,0.000000,0
RETRY_INIT_PVS,0.000000,0
WAIT_XCS_LIBRARY,0.000000,0
WAIT_XCS_SCHEMA_FILE_IO,0.000000,0
WAIT_XCS_SCHEMA_RESOLUTION,0.000000,0
WAIT_XCS_PARQUET_SEGMENT_IO,0.000000,0
WAIT_XCS_SHARED_FILE_OP,0.000000,0
WAIT_XCS_LOCATOR_FETCH,0.000000,0
WAIT_XCS_GENERIC_IO,0.000000,0
WAIT_FCS_MD_RESOLVE,0.000000,0
IQ_CLIENT_HASH_LOCK,0.000000,0
RBIO_DB_RESTART,0.000000,0
RBIO_DBSTATECHANGE_SYNC,0.000000,0
RBIO_DB_TRANS_PRIMARY,0.000000,0
RBIO_DBTRANSPRIMARY_SYNC,0.000000,0
RBIO_QDS_CONNECTION_CLEANUP,0.000000,0
RG_MEM_TARGET_LOCK,0.000000,0
EDC_EXEC,0.000000,0
REPORTING_EXEC,0.000000,0
EMC_EXEC,0.000000,0
WAIT_CTR_ABORTED_XDES_FORGET_MUTEX,0.000000,0
SP_PREPARE_HANDLE,0.000000,0
HK_CREATE_TABLE,0.000000,0
HK_STORAGE_UNDEPLOYMENT,0.000000,0
WAIT_AETM_COMPARATOR,0.000000,0
WAIT_AE_DEFERRED_XACT_MGR,0.000000,0
WAIT_LAUNCHPAD_SERVICE_DISPATCHER,0.000000,0
WAIT_GLMS_ACCESS,0.000000,0
WAIT_FIDO_GLMS_SYNC,0.000000,0
WAIT_GLMS_LOG,0.000000,0
WAIT_GLMS_LOG_BLOCK_IO,0.000000,0
WAIT_ODBC,0.000000,0
WAIT_SEQUENCE,0.000000,0
WAIT_RETENTION_POLICY,0.000000,0
COLUMNSTORE_CSI_CACHE,0.000000,0
LCK_REQ_TSK_PROXY,0.000000,0
RG_MANAGER_THREAD_POOL,0.000000,0
RG_MANAGER_THREAD_POOL_TASK_COMPLETION,0.000000,0
TOAD_TASK,0.000000,0
PREEMPTIVE_OS_LOOKUPACCOUNTNAME,0.000000,0
SEEDING_RECEIVE_BUFFER_READ_ACCESS,0.000000,0
SEEDING_RECEIVE_BUFFER_WRITE_ACCESS,0.000000,0
DW_TRAN_CREATE,0.000000,0
WAIT_LM_CREATE,0.000000,0
BDC_CONTROLLER_REQUEST_COMPLETION,0.000000,0
BLOCKCHAIN_SATELLITE_CONNECTION_OPEN,0.000000,0
BTREE_INSERT_FLOW_CONTROL,0.000000,0
PVS_PAGE_TRACKER_LOCK,0.000000,0
WAIT_AELOB_PROCESS_SERIALIZER,0.000000,0
WAIT_AETM_CALL_SERIALIZER,0.000000,0
WAIT_VSM_ATTEST_LIBLOAD_SERIALIZER,0.000000,0
PWAIT_EXTERNAL_SCRIPT_LANGMGMT_DIR_PERMS,0.000000,0
PWAIT_EXTERNAL_SERVICE_HUB,0.000000,0
PWAIT_EXTERNAL_SERVICE_SEND_MESSAGE,0.000000,0
PREEMPTIVE_SHAREDMEM_FIND_ALLOCATE,0.000000,0
PREEMPTIVE_SHAREDMEM_ATTACH,0.000000,0
PREEMPTIVE_SHAREDMEM_DESTROY,0.000000,0
PREEMPTIVE_SHAREDMEM_GET_GLOBAL_PARAMS,0.000000,0
PREEMPTIVE_SHAREDMEM_ACK_RELEASE,0.000000,0
PREEMPTIVE_SHAREDMEM_GET_DIST_COUNT,0.000000,0
PREEMPTIVE_SHAREDMEM_FREE_REGION,0.000000,0
PREEMPTIVE_SHAREDMEM_CHECK_REGION_READY,0.000000,0
PREEMPTIVE_SHAREDMEM_RELEASE_BUFFER,0.000000,0
POLYBASE_SHAREDMEM_TASK_FINISH,0.000000,0
WAITFOR_ALLOC_REF_COUNT_TO_ZERO,0.000000,0
DPT_PARTITION_LOCK,0.000000,0
PVS_PREALLOCATE,0.000000,1
POPULATE_LOCK_ORDINALS,0.000000,1
PLOCK_DAEMON,0.000000,0
TOAD_PRODUCER,0.000000,0
IMPPROV_IOWAIT_EXT,0.000000,0
IMPPROV_IOWAIT_EXT_CLOSE,0.000000,0
RBIO_WAIT_FOR_PAGE_SERVER,0.000000,0
ACTIVATE_SF_CODEPACKAGE,0.000000,0
BDC_CONTROLLER_HTTP_SEND,0.000000,0
BDC_CONTROLLER_READ_SECRETS,0.000000,0
HADR_SEEDING_READY_FOR_RESTORE_STREAM,0.000000,0
SHRINK_CLEANER_SYNC,0.000000,0
TOAD_FUTURE,0.000000,0
TOAD_QUEUE,0.000000,0
XFILE_DISPATCH,0.000000,0
XFILE_OBJECT_POOL,0.000000,0
BLOB_LIST_RWLOCK,0.000000,0
WAIT_LCKMGR,0.000000,0
PREEMPTIVE_XCS_THRIFT,0.000000,0
PREEMPTIVE_XCS_SNAPPY,0.000000,0
COLLECTOR_VIEW_LIST,0.000000,0
WAIT_TRANSPORT,0.000000,0
WAIT_AE_INITIALIZED,0.000000,0
DIRTY_PAGE_THROTTLING,0.000000,0
THROTTLE_LOG_RATE_LOG_STORAGE,0.000000,0
HADR_THROTTLE_REFRESH_MAX_SIZE,0.000000,0
WAIT_PHYSICAL_CATALOG,0.000000,0
RG_SERVER_CONFIGS,0.000000,0
NATIVE_SHUFFLE_OPEN_HANDLE,0.000000,0
SBS_CONTEXT,0.000000,0
SBS_LRU_EVICTION,0.000000,0
XFILE_CACHE_XACT,0.000000,0
XFILE_TASK_PROXY_ABORT,0.000000,0
STRIPE_META_UPDATE,0.000000,0
SP_RESOLVE_DEFERRED,0.000000,0
BACKUP_LOG_IO_STALL,0.000000,0
WAIT_AETM_ENCLAVE_WORKER_SLEEP,0.000000,0
WAIT_AETM_HOST_WORKER_SLEEP,0.000000,0
WAIT_AETM_CRITICAL_SECTION,0.000000,0
XLOG_TOSFILE_GET_ITER_PROXY,0.000000,0
RG_MANAGER_VHD_GROWTH,0.000000,0
BLOB_LIST_LIMIT_IO_REQUESTS,0.000000,0
FCB_DISKSPACE_COUNTERS_RWLOCK,0.000000,0
XLOG_EOL_REQUEST_NOTIFICATION,0.000000,0
LSN_LOC_MAP_LOCK,0.000000,0
BDC_CACHE_TABLE_CREATION,0.000000,0
WAIT_FULLTEXT_CRAWL_MANAGER,0.000000,0
TOAD_DISCOVERY,0.000000,0
TOAD_RESOURCE_SEMAPHORE,0.000000,0
INDEX_BUILD_BUCKETIZATION_BARRIER,0.000000,0
INDEX_BUILD_BUCKETIZATION_INFO_SYNC,0.000000,0
INDEX_BUILD_BUCKETIZATION_INFO_MAP_SYNC,0.000000,0
PARQUET_INDEX_BUILD_MANIFEST_SYNC,0.000000,0
PARQUET_INDEX_BUILD_INFO_CELLID_SYNC,0.000000,0
RSC_AGENT_SYNC,0.000000,0
RSC_CONTEXT_SYNC,0.000000,0
RSC_CONTEXT_INSTANCE_SYNC,0.000000,0
CONNECTION_MGR,0.000000,0
XLOG_LC_SEEDING_VDL_ADVANCE,0.000000,0
XLOG_LC_FWD_SEEDING,0.000000,0
XLOG_LC_REVERSE_SEEDING,0.000000,0
PWAIT_PREEMPTIVE_OS_CRYPTOPENSTORAGEPROVIDER,0.000000,0
PWAIT_PREEMPTIVE_OS_VSMATTESTATIONSERVICE,0.000000,0
PWAIT_PREEMPTIVE_OS_AUTHENTICATEDWEBCALL,0.000000,0
PWAIT_PREEMPTIVE_OS_AUTHENTICATIONTOKEN,0.000000,0
PWAIT_XSTORE_MWCTOKEN,0.000000,0
PRU_PAGE_LSN_CACHE_LOCK,0.000000,0
PREEMPTIVE_COSMOSDB,0.000000,0
COSMOSDB_INIT_MUTEX,0.000000,0
PARALLEL_BPOOL_DEALLOCATION_WORKER,0.000000,0
PREEMPTIVE_PREDICT_API,0.000000,0
LEDGER_TRUNCATION,0.000000,0
LEDGER_BLOCK_GENERATION,0.000000,0
SESSION_MGR,0.000000,0
EXECUTED_REQ_TABLE_STATE_RWLOCK,0.000000,0
PWAIT_VLDB_PLANNED_FAILOVER_START_THROTTLING,0.000000,0
PWAIT_VLDB_PLANNED_FAILOVER_STOP_THROTTLING,0.000000,0
PWAIT_VLDB_PLANNED_FAILOVER_FORWARDER_THROTTLING,0.000000,0
WAIT_RM_RBIOCONNECTION_INIT,0.000000,0
PREEMPTIVE_SNI_SOCKET_BIND,0.000000,2
PREEMPTIVE_SNI_SOCKET_LISTEN,0.000000,2
PREEMPTIVE_SNI_SOCKET_STATS,0.000000,0
START_BACKGROUND_TASK_MUTEX,0.000000,0
TELEMETRY_SNAP,0.000000,0
WAIT_TSQL_TASK,0.000000,0
WAIT_GLM_CONTROLLER,0.000000,0
WAIT_GLM_SYNC_CLIENT,0.000000,0
WAIT_GLM_DB,0.000000,0
PWAIT_TOAD_TUNING_ZONE,0.000000,0
PWAIT_TOAD_DELTA_FORCE_ZONE,0.000000,0
PWAIT_TOAD_STAR_CELL_ZONE,0.000000,0
FULL_BACKUP_SELF_THROTTLING,0.000000,0
WAIT_GLM_DEK_LIST,0.000000,0
RBIO_RG_MIGRATION_TARGET,0.000000,0
MULTITHREADED_VERSION_CLEANUP_WAIT_WORK,0.000000,0
CDC_SCHEDULERCACHE_ACCESS,0.000000,0
CDC_THROTTLE_LOG_RATE_LOG_SIZE,0.000000,0
DIFF_BACKUP_SELF_THROTTLING,0.000000,0
DTCNEW_DWSHELLDB_PROPERTIES,0.000000,0
POLARIS_TSQL_TASK,0.000000,0
PWAIT_TOAD_CELL_ZONE,0.000000,0
PWAIT_TOAD_OCCI_ZONE,0.000000,0
WAIT_VLF_IO_TRACKER_DRAIN_IO,0.000000,0
WAIT_LOG_REPLICA_MGR_HASH_LOCK,0.000000,0
WAIT_LOG_REPLICA_WRITE_LEASE_PROPERTY_HASH_LOCK,0.000000,0
WAIT_LOG_REPLICA_ROLE_STABILITY_LOCK,0.000000,0
WAIT_XLOG_REPLICA_BG_TASK_LOCK,0.000000,0
BUFFERPOOL_SCAN,0.000000,0
PWAIT_RBIO_IC_ACQUIRE_PAYLOAD,0.000000,0
ORDLOCK_POPULATE_SYNC,0.000000,0
WAIT_GC_IO_COMPLETION,0.000000,0
WAIT_DELTA_CACHE,0.000000,0
RBPEX_WRITEBEHIND_DB_STATE,0.000000,0
RBPEX_CREATESNAPSHOT_RETRY,0.000000,0
PREEMPTIVE_OS_PDH_WMI_QUERY,0.000000,0
WAIT_FOR_MS_POLL,0.000000,0
WAIT_AE_KEYADD,0.000000,0
PWAIT_PS_RBPEX_HOT_PAGES_RWLOCK,0.000000,0
PWAIT_HOT_SEGMENT_TRACKING,0.000000,0
PWAIT_HOT_PAGE_ESTIMATE_TRACKING,0.000000,0
WAIT_INDEXSTORE_COMPUTE_PARTITION_BUCKETS,0.000000,0
WAIT_INDEXSTORE_LIMIT_REQUESTS,0.000000,0
EXTERNAL_GOVERNANCE_POLICY_UPDATE,0.000000,0
PWAIT_SYNAPSE_LINK_COMMIT,0.000000,0
PWAIT_SYNAPSE_LINK_PUBLISH,0.000000,0
PWAIT_SYNAPSE_LINK_CAPTURE,0.000000,0
PWAIT_SYNAPSE_LINK_DATA_EXPORT_SESSION,0.000000,0
PWAIT_SYNAPSE_LINK_UPDATE_TABLE_STATUS,0.000000,0
PWAIT_SYNAPSE_LINK_POPULATE_METADATA,0.000000,0
PWAIT_SYNAPSE_LINK_DB_CLEANUP,0.000000,0
PWAIT_SYNAPSE_LINK_GET_CURRENT_DB_LSN,0.000000,0
"PWAIT_SYNAPSE_LINK_GET_TABLE_HASHTABLE,",0.000000,0
"PWAIT_SYNAPSE_LINK_GET_DB_LIST,",0.000000,0
PWAIT_FIDO_INDEXSTORE_CONNECTIONS_MANAGER_HASHTABLE,0.000000,0
PREEMPTIVE_SYNAPSESTREAMING_HTTP_EVENT_WAIT,0.000000,0
PREEMPTIVE_AAD_HTTP_EVENT_WAIT,0.000000,0
RBPEXSHRINKTASK_SHUTDOWN,0.000000,0
PWAIT_FCS_MD_READ_AHEAD,0.000000,0
ROW_GROUP_POPULATION,0.000000,0
SEEDING_SELF_THROTTLING,0.000000,0
CHECK_SCANNER_MUTEX,0.000000,0
DIRECTLOGCONSUMER_LIST,0.000000,0
PWAIT_DIRECTLOGCONSUMER_GETNEXT,0.000000,0
CHECK_TABLES_INITIALIZATION,0.000000,0
CHECK_TABLES_SINGLE_SCAN,0.000000,0
CHECK_TABLES_THREAD_BARRIER,0.000000,0
QDS_BLOOM_FILTER,0.000000,0
SHARED_DELTASTORE_CREATION,0.000000,0
FILE_VALIDATION_THREADS,0.000000,0
PREEMPTIVE_OS_GETFINALFILEPATHBYHANDLE,0.000000,0
SATELLITE_SERVICE_SETUP,0.000000,0
SATELLITE_CARGO,0.000000,0
SMSYNC,0.000000,0
XTP_HOST_PARALLEL_RECOVERY,0.000000,0
WAIT_XTP_SWITCH_TO_INACTIVE,0.000000,0
HKCS_PARALLEL_RECOVERY,0.000000,0
SATELLITE_TASK,0.000000,0
DPT_ENTRY_LOCK,0.000000,0
RECOVERY_MGR_LOCK,0.000000,0
PARALLEL_REDO_FLOW_CONTROL,0.000000,0
PARALLEL_REDO_WORKER_SYNC,0.000000,1
PARALLEL_REDO_DRAIN_WORKER,0.000000,0
PARALLEL_REDO_TRAN_LIST,0.000000,0
PARALLEL_REDO_LOG_CACHE,0.000000,0
PARALLEL_REDO_WORKER_WAIT_WORK,0.000000,0
PARALLEL_REDO_TRAN_TURN,0.000000,0
SOCKETDUPLICATEQUEUE_CLEANUP,0.000000,0
FFT_NSO_FCB_STATE,0.000000,0
QE_WARN_LIST_SYNC,0.000000,0
HKCS_PARALLEL_MIGRATION,0.000000,0
HK_RESTORE_FILEMAP,0.000000,0
LOG_POOL_SCAN,0.000000,0
HADR_SEEDING_LIMIT_BACKUPS,0.000000,0
HADR_SEEDING_CANCELLATION,0.000000,0
HADR_SEEDING_SYNC_COMPLETION,0.000000,0
HADR_SEEDING_TIMEOUT_TASK,0.000000,0
HADR_SEEDING_QUERY_FORCE_TIMEOUT,0.000000,0
HADR_SEEDING_FILE_LIST,0.000000,0
HADR_SEEDING_WAIT_FOR_COMPLETION,0.000000,0
EXTERNAL_SCRIPT_PREPARE_SERVICE,0.000000,0
EXTERNAL_SCRIPT_SHUTDOWN,0.000000,0
PWAIT_EXTERNAL_SCRIPT_DIRECTORY_PERMISSION,0.000000,0
EXTERNAL_RG_UPDATE,0.000000,0
QDS_QDS_CAPTURE_INIT,0.000000,0
"EXTERNAL_WAIT_ON_LAUNCHER,",0.000000,0
ASYNC_SOCKETDUP_IO,0.000000,0
ASSEMBLY_FILTER_HASHTABLE,0.000000,0
SECURITY_DBE_STATE_MUTEX,0.000000,0
LOGMGR_PMM_LOG,0.000000,0
COLUMNSTORE_COLUMNDATASET_SESSION_LIST,0.000000,0
GHOSTCLEANUP_UPDATE_STATS,0.000000,0
AM_INDBUILD_ALLOCATION,0.000000,0
HADR_FILESTREAM_PREPROC,0.000000,0
UCS_SESSION_REGISTRATION,0.000000,0
ENABLE_EMPTY_VERSIONING,0.000000,0
HADR_DB_OP_START_SYNC,0.000000,0
HADR_DB_OP_COMPLETION_SYNC,0.000000,0
HADR_LOGPROGRESS_SYNC,0.000000,0
HADR_TRANSPORT_DBRLIST,0.000000,0
HADR_CONNECTIVITY_INFO,0.000000,0
XDESTSVERMGR,0.000000,0
GHOSTCLEANUPSYNCMGR,0.000000,0
HADR_AR_UNLOAD_COMPLETED,0.000000,0
HADR_PARTNER_SYNC,0.000000,0
HADR_DBSTATECHANGE_SYNC,0.000000,0
DIRTY_PAGE_SYNC,0.000000,0
